Light,DCW,Growth rate,is_train
107,0.031592794,0.011193383,TRUE
107,0.03428371,0.011193383,TRUE
107,0.036999198,0.011295443,TRUE
107,0.039739409,0.011398122,TRUE
107,0.042504491,0.011501418,TRUE
107,0.045294594,0.011605328,TRUE
107,0.048109865,0.011709848,TRUE
107,0.05095045,0.011814975,TRUE
107,0.053816497,0.011920705,TRUE
107,0.056708151,0.012027036,TRUE
107,0.059625556,0.012133962,TRUE
107,0.062568855,0.01224148,TRUE
107,0.06553819,0.012349585,TRUE
107,0.068533704,0.012458274,FALSE
107,0.071555537,0.012567541,TRUE
107,0.074603826,0.012677381,FALSE
107,0.077678711,0.012787789,TRUE
107,0.080780329,0.012898761,TRUE
107,0.083908813,0.01301029,TRUE
107,0.087064299,0.013122371,TRUE
107,0.090246918,0.013234998,TRUE
107,0.093456803,0.013348165,TRUE
107,0.096694082,0.013461865,FALSE
107,0.099958884,0.013576092,FALSE
107,0.103251334,0.01369084,TRUE
107,0.106571559,0.013806101,TRUE
107,0.109919681,0.013921867,TRUE
107,0.113295821,0.014038133,TRUE
107,0.116700099,0.014154889,TRUE
107,0.120132633,0.014272128,TRUE
107,0.123593537,0.014389842,TRUE
107,0.127082926,0.014508023,FALSE
107,0.130600912,0.014626661,TRUE
107,0.134147604,0.014745749,FALSE
107,0.137723109,0.014865276,TRUE
107,0.141327532,0.014985235,FALSE
107,0.144960977,0.015105614,TRUE
107,0.148623544,0.015226405,TRUE
107,0.152315331,0.015347597,FALSE
107,0.156036433,0.01546918,FALSE
107,0.159786945,0.015591144,TRUE
107,0.163566956,0.015713477,TRUE
107,0.167376554,0.015836169,TRUE
107,0.171215825,0.015959209,FALSE
107,0.175084852,0.016082584,FALSE
107,0.178983713,0.016206283,TRUE
107,0.182912487,0.016330295,FALSE
107,0.186871246,0.016454606,TRUE
107,0.190860061,0.016579205,TRUE
107,0.194879002,0.016704077,TRUE
107,0.198928131,0.016829212,FALSE
107,0.203007511,0.016954594,TRUE
107,0.2071172,0.017080211,TRUE
107,0.211257253,0.017206048,TRUE
107,0.215427721,0.017332092,TRUE
107,0.219628653,0.017458329,FALSE
107,0.223860094,0.017584743,TRUE
107,0.228122084,0.01771132,TRUE
107,0.232414662,0.017838045,TRUE
107,0.23673786,0.017964903,TRUE
107,0.241091709,0.018091877,TRUE
107,0.245476236,0.018218952,FALSE
107,0.249891463,0.018346113,TRUE
107,0.254337409,0.018473342,TRUE
107,0.258814088,0.018600624,TRUE
107,0.26332151,0.018727941,FALSE
107,0.267859683,0.018855276,TRUE
107,0.272428609,0.018982612,TRUE
107,0.277028285,0.019109932,FALSE
107,0.281658706,0.019237218,TRUE
107,0.286319861,0.019364451,FALSE
107,0.291011736,0.019491614,TRUE
107,0.295734311,0.019618689,TRUE
107,0.300487562,0.019745655,TRUE
107,0.305271462,0.019872496,TRUE
107,0.310085978,0.019999191,TRUE
107,0.314931072,0.020125722,TRUE
107,0.319806702,0.020252068,TRUE
107,0.324712821,0.020378211,TRUE
107,0.329649377,0.020504129,TRUE
107,0.334616315,0.020629804,TRUE
107,0.339613573,0.020755215,TRUE
107,0.344641084,0.020880341,TRUE
107,0.349698778,0.021005162,FALSE
107,0.354786577,0.021129657,TRUE
107,0.359904402,0.021253805,TRUE
107,0.365052165,0.021377584,TRUE
107,0.370229775,0.021500974,TRUE
107,0.375437135,0.021623953,TRUE
107,0.380674144,0.021746499,TRUE
107,0.385940694,0.021868591,TRUE
107,0.391236673,0.021990206,TRUE
107,0.396561964,0.022111323,TRUE
107,0.401916442,0.02223192,TRUE
107,0.407299981,0.022351973,TRUE
107,0.412712445,0.022471462,TRUE
107,0.418153697,0.022590363,TRUE
107,0.423623591,0.022708653,TRUE
107,0.429121977,0.022826311,TRUE
107,0.434648699,0.022943313,FALSE
107,0.440203597,0.023059637,TRUE
107,0.445786504,0.023175259,TRUE
107,0.451397247,0.023290157,FALSE
107,0.45703565,0.023404308,TRUE
107,0.462701528,0.023517689,TRUE
107,0.468394693,0.023630276,FALSE
107,0.474114951,0.023742047,TRUE
107,0.479862102,0.023852979,FALSE
107,0.48563594,0.023963047,TRUE
107,0.491436254,0.02407223,TRUE
107,0.497262827,0.024180505,TRUE
107,0.503115438,0.024287847,FALSE
107,0.508993858,0.024394235,TRUE
107,0.514897853,0.024499645,TRUE
107,0.520827186,0.024604054,TRUE
107,0.526781611,0.024707439,TRUE
107,0.532760879,0.024809778,TRUE
107,0.538764734,0.024911048,TRUE
107,0.544792915,0.025011225,TRUE
107,0.550845156,0.025110289,FALSE
107,0.556921185,0.025208215,TRUE
107,0.563020724,0.025304982,TRUE
107,0.569143491,0.025400568,TRUE
107,0.575289198,0.025494951,TRUE
107,0.581457552,0.025588108,TRUE
107,0.587648254,0.025680018,TRUE
107,0.593861001,0.025770659,FALSE
107,0.600095483,0.02586001,TRUE
107,0.606351386,0.02594805,TRUE
107,0.612628391,0.026034758,FALSE
107,0.618926174,0.026120113,TRUE
107,0.625244406,0.026204093,FALSE
107,0.631582751,0.02628668,TRUE
107,0.637940872,0.026367852,TRUE
107,0.644318424,0.026447591,TRUE
107,0.650715058,0.026525875,TRUE
107,0.657130422,0.026602687,TRUE
107,0.663564156,0.026678006,TRUE
107,0.670015899,0.026751815,TRUE
107,0.676485282,0.026824094,FALSE
107,0.682971936,0.026894825,TRUE
107,0.689475483,0.026963991,FALSE
107,0.695995543,0.027031574,TRUE
107,0.702531733,0.027097557,TRUE
107,0.709083663,0.027161922,TRUE
107,0.715650941,0.027224654,TRUE
107,0.722233171,0.027285737,TRUE
107,0.728829952,0.027345153,TRUE
107,0.73544088,0.027402889,TRUE
107,0.742065548,0.027458929,FALSE
107,0.748703543,0.027513258,TRUE
107,0.755354451,0.027565863,TRUE
107,0.762017855,0.027616729,TRUE
107,0.768693332,0.027665843,TRUE
107,0.775380457,0.027713192,TRUE
107,0.782078803,0.027758764,TRUE
107,0.78878794,0.027802546,TRUE
107,0.795507433,0.027844527,TRUE
107,0.802236846,0.027884695,TRUE
107,0.808975741,0.02792304,FALSE
107,0.815723675,0.027959552,TRUE
107,0.822480204,0.027994221,TRUE
107,0.829244883,0.028027037,TRUE
107,0.836017263,0.028057992,TRUE
107,0.842796894,0.028087078,TRUE
107,0.849583322,0.028114285,TRUE
107,0.856376093,0.028139608,FALSE
107,0.863174753,0.028163039,TRUE
107,0.869978841,0.028184572,TRUE
107,0.876787901,0.028204201,TRUE
107,0.88360147,0.028221921,TRUE
107,0.890419088,0.028237726,FALSE
107,0.897240292,0.028251613,TRUE
107,0.904064618,0.028263578,TRUE
107,0.9108916,0.028273617,TRUE
107,0.917720775,0.028281728,TRUE
107,0.924551675,0.028287909,FALSE
107,0.931383835,0.028292157,TRUE
107,0.938216787,0.028294473,TRUE
107,0.945050065,0.028294854,TRUE
107,0.951883201,0.028293301,TRUE
107,0.958715729,0.028289815,TRUE
107,0.965547182,0.028284396,TRUE
107,0.972377092,0.028277045,TRUE
107,0.979204995,0.028267766,TRUE
107,0.986030423,0.02825656,TRUE
107,0.992852913,0.02824343,TRUE
107,0.999672,0.02822838,TRUE
107,1.006487221,0.028211415,TRUE
107,1.013298113,0.028192538,FALSE
107,1.020104217,0.028171755,TRUE
107,1.026905071,0.028149072,TRUE
107,1.033700218,0.028124494,FALSE
107,1.040489202,0.028098028,TRUE
107,1.047271566,0.028069682,FALSE
107,1.054046858,0.028039464,TRUE
107,1.060814627,0.02800738,TRUE
107,1.067574423,0.027973441,TRUE
107,1.074325799,0.027937654,FALSE
107,1.08106831,0.02790003,TRUE
107,1.087801513,0.027860579,TRUE
107,1.09452497,0.027819312,TRUE
107,1.101238241,0.027776238,FALSE
107,1.107940893,0.027731371,TRUE
107,1.114632493,0.027684721,FALSE
107,1.121312613,0.027636301,TRUE
107,1.127980827,0.027586124,TRUE
107,1.134636711,0.027534204,TRUE
107,1.141279847,0.027480553,TRUE
107,1.147909818,0.027425185,TRUE
107,1.154526211,0.027368116,FALSE
107,1.161128618,0.02730936,TRUE
107,1.167716632,0.027248933,TRUE
107,1.174289853,0.027186849,TRUE
107,1.180847881,0.027123126,TRUE
107,1.187390322,0.027057779,TRUE
107,1.193916788,0.026990824,FALSE
107,1.200426891,0.02692228,FALSE
107,1.206920249,0.026852164,TRUE
107,1.213396486,0.026780493,TRUE
107,1.219855227,0.026707285,TRUE
107,1.226296105,0.026632559,TRUE
107,1.232718753,0.026556334,TRUE
107,1.239122814,0.026478628,TRUE
107,1.245507931,0.02639946,TRUE
107,1.251873753,0.026318851,TRUE
107,1.258219936,0.026236819,TRUE
107,1.264546137,0.026153386,FALSE
107,1.270852021,0.02606857,TRUE
107,1.277137256,0.025982394,FALSE
107,1.283401517,0.025894877,TRUE
107,1.289644482,0.02580604,TRUE
107,1.295865834,0.025715904,TRUE
107,1.302065264,0.025624492,TRUE
107,1.308242464,0.025531824,FALSE
107,1.314397135,0.025437922,FALSE
107,1.32052898,0.025342808,TRUE
107,1.326637711,0.025246504,TRUE
107,1.332723041,0.025149032,TRUE
107,1.338784693,0.025050414,TRUE
107,1.344822391,0.024950673,TRUE
107,1.350835868,0.024849831,TRUE
107,1.35682486,0.024747911,FALSE
107,1.362789109,0.024644935,TRUE
107,1.368728363,0.024540927,TRUE
107,1.374642377,0.024435909,TRUE
107,1.380530907,0.024329904,TRUE
107,1.38639372,0.024222935,TRUE
107,1.392230585,0.024115026,TRUE
107,1.398041278,0.024006198,TRUE
107,1.403825579,0.023896476,TRUE
107,1.409583276,0.023785882,TRUE
107,1.41531416,0.023674439,TRUE
107,1.421018029,0.023562171,TRUE
107,1.426694688,0.0234491,TRUE
107,1.432343945,0.02333525,TRUE
107,1.437965614,0.023220644,TRUE
107,1.443559516,0.023105304,TRUE
107,1.449125476,0.022989254,TRUE
107,1.454663326,0.022872517,TRUE
107,1.460172902,0.022755115,TRUE
107,1.465654046,0.022637071,TRUE
107,1.471106607,0.022518408,TRUE
107,1.476530437,0.022399148,TRUE
107,1.481925395,0.022279315,TRUE
107,1.487291346,0.02215893,TRUE
107,1.492628158,0.022038015,TRUE
107,1.497935707,0.021916594,TRUE
107,1.503213873,0.021794687,TRUE
107,1.508462541,0.021672317,TRUE
107,1.513681603,0.021549507,TRUE
107,1.518870953,0.021426276,TRUE
107,1.524030494,0.021302648,TRUE
107,1.529160132,0.021178643,TRUE
107,1.534259778,0.021054282,TRUE
107,1.53932935,0.020929587,TRUE
107,1.544368769,0.020804579,TRUE
107,1.549377962,0.020679278,FALSE
107,1.55435686,0.020553705,TRUE
107,1.559305401,0.02042788,TRUE
107,1.564223526,0.020301823,TRUE
107,1.569111182,0.020175555,TRUE
107,1.573968319,0.020049095,TRUE
107,1.578794895,0.019922462,TRUE
107,1.583590869,0.019795676,TRUE
107,1.588356206,0.019668757,TRUE
107,1.593090878,0.019541723,TRUE
107,1.597794859,0.019414593,TRUE
107,1.602468127,0.019287385,TRUE
107,1.607110665,0.019160117,TRUE
107,1.611722463,0.019032809,FALSE
107,1.616303512,0.018905477,FALSE
107,1.620853809,0.018778139,TRUE
107,1.625373353,0.018650813,TRUE
107,1.629862151,0.018523516,TRUE
107,1.634320211,0.018396264,FALSE
107,1.638747547,0.018269074,TRUE
107,1.643144174,0.018141963,TRUE
107,1.647510115,0.018014947,TRUE
107,1.651845394,0.017888042,TRUE
107,1.656150039,0.017761263,TRUE
107,1.660424084,0.017634625,TRUE
107,1.664667563,0.017508145,FALSE
107,1.668880518,0.017381837,TRUE
107,1.67306299,0.017255715,TRUE
107,1.677215028,0.017129795,TRUE
107,1.681336681,0.017004089,TRUE
107,1.685428003,0.016878613,TRUE
107,1.689489051,0.016753379,TRUE
107,1.693519885,0.016628402,TRUE
107,1.697520569,0.016503693,TRUE
107,1.701491169,0.016379267,TRUE
107,1.705431755,0.016255136,TRUE
107,1.7093424,0.016131312,TRUE
107,1.713223179,0.016007808,TRUE
107,1.717074171,0.015884635,TRUE
107,1.720895458,0.015761804,FALSE
107,1.724687123,0.015639328,TRUE
107,1.728449253,0.015517218,TRUE
107,1.732181939,0.015395483,TRUE
107,1.735885272,0.015274136,TRUE
107,1.739559346,0.015153185,TRUE
107,1.74320426,0.015032643,TRUE
107,1.746820113,0.014912517,TRUE
107,1.750407006,0.014792819,TRUE
107,1.753965044,0.014673556,TRUE
107,1.757494334,0.01455474,TRUE
107,1.760994983,0.01455474,TRUE
178,0.023302658,0.012998709,FALSE
178,0.026423714,0.012998709,FALSE
178,0.029581035,0.013149529,TRUE
178,0.032774936,0.01330165,FALSE
178,0.036005732,0.013455071,TRUE
178,0.039273736,0.013609793,TRUE
178,0.042579262,0.013765813,TRUE
178,0.045922624,0.013923131,TRUE
178,0.049304134,0.014081743,TRUE
178,0.052724106,0.014241649,FALSE
178,0.05618285,0.014402844,TRUE
178,0.059680679,0.014565326,TRUE
178,0.063217903,0.01472909,TRUE
178,0.06679483,0.014894133,TRUE
178,0.070411769,0.015060451,TRUE
178,0.074069028,0.015228037,TRUE
178,0.077766911,0.015396888,TRUE
178,0.081505724,0.015566995,TRUE
178,0.08528577,0.015738354,FALSE
178,0.089107349,0.015910957,TRUE
178,0.092970762,0.016084797,FALSE
178,0.096876306,0.016259866,TRUE
178,0.100824277,0.016436154,TRUE
178,0.104814969,0.016613654,FALSE
178,0.108848672,0.016792356,TRUE
178,0.112925677,0.016972248,TRUE
178,0.117046268,0.017153321,TRUE
178,0.121210731,0.017335564,FALSE
178,0.125419346,0.017518964,FALSE
178,0.129672391,0.017703509,TRUE
178,0.133970141,0.017889186,FALSE
178,0.138312867,0.018075981,TRUE
178,0.14270084,0.01826388,TRUE
178,0.147134322,0.018452868,TRUE
178,0.151613575,0.01864293,TRUE
178,0.156138857,0.018834048,TRUE
178,0.16071042,0.019026208,TRUE
178,0.165328515,0.01921939,TRUE
178,0.169993385,0.019413576,TRUE
178,0.174705272,0.019608749,TRUE
178,0.179464411,0.019804888,TRUE
178,0.184271033,0.020001973,FALSE
178,0.189125364,0.020199983,TRUE
178,0.194027625,0.020398897,FALSE
178,0.198978032,0.020598692,TRUE
178,0.203976794,0.020799346,TRUE
178,0.209024116,0.021000834,TRUE
178,0.214120196,0.021203132,TRUE
178,0.219265228,0.021406215,TRUE
178,0.224459398,0.021610056,TRUE
178,0.229702885,0.02181463,FALSE
178,0.234995864,0.022019909,TRUE
178,0.240338502,0.022225865,FALSE
178,0.245730957,0.022432469,TRUE
178,0.251173384,0.022639691,TRUE
178,0.256665928,0.0228475,TRUE
178,0.262208727,0.023055867,TRUE
178,0.267801912,0.023264758,TRUE
178,0.273445605,0.023474142,TRUE
178,0.279139922,0.023683984,FALSE
178,0.284884969,0.023894251,TRUE
178,0.290680845,0.024104908,TRUE
178,0.29652764,0.024315919,TRUE
178,0.302425434,0.024527249,TRUE
178,0.308374301,0.024738858,TRUE
178,0.314374303,0.024950711,TRUE
178,0.320425495,0.025162768,FALSE
178,0.32652792,0.025374991,TRUE
178,0.332681615,0.025587338,TRUE
178,0.338886604,0.025799769,TRUE
178,0.345142903,0.026012243,TRUE
178,0.351450518,0.026224718,FALSE
178,0.357809442,0.026437151,TRUE
178,0.364219662,0.026649498,TRUE
178,0.37068115,0.026861714,TRUE
178,0.37719387,0.027073756,FALSE
178,0.383757774,0.027285578,TRUE
178,0.390372804,0.027497133,TRUE
178,0.397038889,0.027708375,FALSE
178,0.403755949,0.027919255,TRUE
178,0.410523889,0.028129727,TRUE
178,0.417342607,0.028339742,TRUE
178,0.424211985,0.02854925,FALSE
178,0.431131895,0.028758201,TRUE
178,0.438102196,0.028966546,TRUE
178,0.445122736,0.029174233,FALSE
178,0.45219335,0.029381211,FALSE
178,0.459313861,0.029587429,FALSE
178,0.466484078,0.029792833,TRUE
178,0.4737038,0.029997373,TRUE
178,0.480972809,0.030200993,TRUE
178,0.488290879,0.030403641,TRUE
178,0.495657768,0.030605263,FALSE
178,0.503073221,0.030805804,TRUE
178,0.510536971,0.03100521,TRUE
178,0.518048737,0.031203426,TRUE
178,0.525608226,0.031400397,FALSE
178,0.533215129,0.031596067,FALSE
178,0.540869126,0.031790382,TRUE
178,0.548569883,0.031983284,TRUE
178,0.556317052,0.032174717,TRUE
178,0.564110272,0.032364627,FALSE
178,0.571949167,0.032552956,TRUE
178,0.57983335,0.032739648,TRUE
178,0.587762417,0.032924647,TRUE
178,0.595735954,0.033107896,TRUE
178,0.603753531,0.033289338,TRUE
178,0.611814704,0.033468919,TRUE
178,0.619919018,0.03364658,TRUE
178,0.628066002,0.033822267,TRUE
178,0.636255173,0.033995922,TRUE
178,0.644486033,0.034167491,TRUE
178,0.652758071,0.034336917,TRUE
178,0.661070764,0.034504146,FALSE
178,0.669423574,0.034669122,FALSE
178,0.67781595,0.03483179,FALSE
178,0.686247328,0.034992096,TRUE
178,0.694717132,0.035149986,TRUE
178,0.703224772,0.035305406,TRUE
178,0.711769643,0.035458304,TRUE
178,0.720351132,0.035608626,TRUE
178,0.72896861,0.035756321,TRUE
178,0.737621435,0.035901337,FALSE
178,0.746308955,0.036043622,TRUE
178,0.755030505,0.036183128,TRUE
178,0.763785406,0.036319804,TRUE
178,0.77257297,0.036453601,TRUE
178,0.781392496,0.036584472,FALSE
178,0.79024327,0.036712368,TRUE
178,0.79912457,0.036837244,TRUE
178,0.808035659,0.036959054,TRUE
178,0.816975793,0.037077753,TRUE
178,0.825944214,0.037193296,TRUE
178,0.834940155,0.037305642,TRUE
178,0.843962839,0.037414749,FALSE
178,0.853011478,0.037520575,TRUE
178,0.862085277,0.03762308,TRUE
178,0.871183426,0.037722227,TRUE
178,0.880305112,0.037817977,FALSE
178,0.889449509,0.037910294,TRUE
178,0.898615784,0.037999142,FALSE
178,0.907803095,0.038084488,FALSE
178,0.917010592,0.038166299,FALSE
178,0.926237417,0.038244542,TRUE
178,0.935482706,0.038319188,TRUE
178,0.944745585,0.038390208,TRUE
178,0.954025176,0.038457574,FALSE
178,0.963320593,0.038521259,TRUE
178,0.972630944,0.038581239,TRUE
178,0.981955331,0.03863749,TRUE
178,0.991292852,0.03868999,TRUE
178,1.000642597,0.038738718,TRUE
178,1.010003653,0.038783655,TRUE
178,1.019375102,0.038824784,TRUE
178,1.028756023,0.038862087,TRUE
178,1.03814549,0.03889555,TRUE
178,1.047542574,0.03892516,TRUE
178,1.056946342,0.038950905,TRUE
178,1.066355861,0.038972774,TRUE
178,1.075770192,0.038990759,TRUE
178,1.085188398,0.039004853,TRUE
178,1.094609536,0.03901505,FALSE
178,1.104032667,0.039021346,TRUE
178,1.113456846,0.039023738,TRUE
178,1.122881132,0.039022226,TRUE
178,1.132304582,0.03901681,TRUE
178,1.141726252,0.039007493,TRUE
178,1.151145201,0.038994277,TRUE
178,1.160560488,0.038977169,TRUE
178,1.169971173,0.038956175,TRUE
178,1.17937632,0.038931303,FALSE
178,1.188774993,0.038902564,TRUE
178,1.198166258,0.038869968,TRUE
178,1.207549187,0.03883353,TRUE
178,1.216922853,0.038793262,TRUE
178,1.226286333,0.038749183,TRUE
178,1.235638708,0.038701308,FALSE
178,1.244979064,0.038649656,TRUE
178,1.254306492,0.038594249,TRUE
178,1.263620087,0.038535108,FALSE
178,1.272918949,0.038472256,TRUE
178,1.282202186,0.038405718,TRUE
178,1.291468911,0.03833552,TRUE
178,1.300718242,0.038261689,TRUE
178,1.309949307,0.038184254,FALSE
178,1.319161237,0.038103245,FALSE
178,1.328353174,0.038018693,TRUE
178,1.337524266,0.037930632,TRUE
178,1.346673669,0.037839094,TRUE
178,1.355800548,0.037744115,TRUE
178,1.364904077,0.037645731,TRUE
178,1.373983436,0.03754398,TRUE
178,1.383037819,0.037438899,TRUE
178,1.392066424,0.037330529,TRUE
178,1.401068464,0.037218909,TRUE
178,1.410043158,0.037104083,TRUE
178,1.418989736,0.036986092,FALSE
178,1.42790744,0.03686498,TRUE
178,1.436795521,0.036740791,TRUE
178,1.445653242,0.036613572,TRUE
178,1.454479876,0.036483368,FALSE
178,1.463274709,0.036350226,TRUE
178,1.472037036,0.036214195,TRUE
178,1.480766165,0.036075323,TRUE
178,1.489461417,0.03593366,TRUE
178,1.498122123,0.035789255,FALSE
178,1.506747627,0.03564216,TRUE
178,1.515337286,0.035492426,TRUE
178,1.523890469,0.035340104,TRUE
178,1.532406557,0.035185248,TRUE
178,1.540884944,0.035027911,TRUE
178,1.549325037,0.034868145,TRUE
178,1.557726258,0.034706004,TRUE
178,1.566088038,0.034541544,TRUE
178,1.574409823,0.034374819,TRUE
178,1.582691075,0.034205883,TRUE
178,1.590931265,0.034034793,FALSE
178,1.59912988,0.033861603,FALSE
178,1.607286419,0.033686369,TRUE
178,1.615400396,0.033509148,FALSE
178,1.623471338,0.033329995,TRUE
178,1.631498784,0.033148968,TRUE
178,1.639482289,0.032966121,TRUE
178,1.64742142,0.032781512,TRUE
178,1.655315759,0.032595197,TRUE
178,1.6631649,0.032407232,TRUE
178,1.670968452,0.032217674,TRUE
178,1.678726037,0.032026579,TRUE
178,1.68643729,0.031834003,TRUE
178,1.694101861,0.031640003,TRUE
178,1.701719411,0.031444633,TRUE
178,1.709289618,0.031247951,TRUE
178,1.716812171,0.03105001,TRUE
178,1.724286773,0.030850868,TRUE
178,1.731713141,0.030650578,TRUE
178,1.739091002,0.030449195,TRUE
178,1.746420102,0.030246774,FALSE
178,1.753700194,0.030043368,TRUE
178,1.760931048,0.029839031,FALSE
178,1.768112446,0.029633817,TRUE
178,1.775244182,0.029427778,TRUE
178,1.782326063,0.029220967,TRUE
178,1.789357909,0.029013435,TRUE
178,1.796339552,0.028805234,TRUE
178,1.803270837,0.028596415,TRUE
178,1.810151621,0.028387029,FALSE
178,1.816981772,0.028177124,TRUE
178,1.823761172,0.027966751,TRUE
178,1.830489713,0.027755958,TRUE
178,1.837167299,0.027544794,TRUE
178,1.843793848,0.027333305,TRUE
178,1.850369286,0.02712154,TRUE
178,1.856893552,0.026909543,TRUE
178,1.863366595,0.026697362,TRUE
178,1.869788377,0.026485041,TRUE
178,1.87615887,0.026272623,TRUE
178,1.882478055,0.026060154,TRUE
178,1.888745924,0.025847676,TRUE
178,1.894962482,0.025635232,FALSE
178,1.901127741,0.025422862,TRUE
178,1.907241725,0.025210608,FALSE
178,1.913304465,0.02499851,TRUE
178,1.919316005,0.024786608,TRUE
178,1.925276397,0.02457494,FALSE
178,1.931185701,0.024363544,TRUE
178,1.937043989,0.024152458,TRUE
178,1.942851338,0.023941718,TRUE
178,1.948607839,0.02373136,TRUE
178,1.954313585,0.023521419,TRUE
178,1.959968684,0.023311929,TRUE
178,1.965573247,0.023102924,TRUE
178,1.971127396,0.022894436,TRUE
178,1.97663126,0.022686498,TRUE
178,1.982084975,0.022479141,TRUE
178,1.987488685,0.022272396,FALSE
178,1.992842542,0.022066291,TRUE
178,1.998146704,0.021860857,FALSE
178,2.003401336,0.021656122,TRUE
178,2.00860661,0.021452112,TRUE
178,2.013762706,0.021248856,TRUE
178,2.018869808,0.021046379,FALSE
178,2.023928107,0.020844706,TRUE
178,2.028937801,0.020643862,TRUE
178,2.033899093,0.020443872,TRUE
178,2.038812191,0.020244757,TRUE
178,2.04367731,0.020046541,TRUE
178,2.04849467,0.019849246,FALSE
178,2.053264496,0.019652892,TRUE
178,2.057987017,0.019457499,TRUE
178,2.062662468,0.019263089,TRUE
178,2.067291089,0.019069678,TRUE
178,2.071873123,0.018877287,TRUE
178,2.076408818,0.018685932,TRUE
178,2.080898428,0.018495631,TRUE
178,2.085342208,0.018306399,TRUE
178,2.089740419,0.018118253,TRUE
178,2.094093324,0.017931208,FALSE
178,2.098401192,0.017745278,TRUE
178,2.102664294,0.017560477,FALSE
178,2.106882903,0.017376817,TRUE
178,2.111057296,0.017194313,TRUE
178,2.115187755,0.017012975,TRUE
178,2.119274563,0.016832815,TRUE
178,2.123318005,0.016653844,FALSE
178,2.12731837,0.016476072,TRUE
178,2.131275948,0.01629951,TRUE
178,2.135191033,0.016124165,TRUE
178,2.13906392,0.015950048,FALSE
178,2.142894906,0.015777165,TRUE
178,2.146684291,0.015605525,TRUE
178,2.150432375,0.015435135,TRUE
178,2.154139461,0.015266,TRUE
178,2.157805853,0.015098128,TRUE
178,2.161431857,0.014931524,TRUE
178,2.165017779,0.014766193,TRUE
178,2.168563928,0.01460214,TRUE
178,2.172070613,0.014439369,TRUE
178,2.175538143,0.014277883,TRUE
178,2.17896683,0.014117687,TRUE
178,2.182356986,0.013958782,TRUE
178,2.185708922,0.013801173,TRUE
178,2.189022952,0.01364486,TRUE
178,2.192299389,0.013489845,FALSE
178,2.195538547,0.01333613,FALSE
178,2.19874074,0.013183716,TRUE
178,2.201906282,0.013032603,TRUE
178,2.205035488,0.012882792,FALSE
178,2.208128671,0.012882792,TRUE
267,0.042583552,0.020381518,FALSE
267,0.047481461,0.020381518,FALSE
267,0.052427826,0.020582715,TRUE
267,0.057422913,0.020785011,TRUE
267,0.062466986,0.02098839,TRUE
267,0.067560305,0.021192836,TRUE
267,0.072703126,0.021398332,TRUE
267,0.0778957,0.021604863,FALSE
267,0.083138274,0.021812409,TRUE
267,0.088431093,0.022020952,TRUE
267,0.093774394,0.022230473,TRUE
267,0.099168411,0.022440953,TRUE
267,0.104613374,0.022652371,TRUE
267,0.110109507,0.022864707,TRUE
267,0.115657028,0.023077938,TRUE
267,0.121256151,0.023292043,FALSE
267,0.126907084,0.023506998,TRUE
267,0.132610031,0.023722779,TRUE
267,0.138365187,0.023939364,TRUE
267,0.144172743,0.024156726,TRUE
267,0.150032885,0.02437484,FALSE
267,0.155945791,0.024593679,TRUE
267,0.161911632,0.024813218,TRUE
267,0.167930575,0.025033428,TRUE
267,0.174002778,0.02525428,TRUE
267,0.180128392,0.025475746,TRUE
267,0.186307563,0.025697796,TRUE
267,0.192540428,0.025920399,TRUE
267,0.198827116,0.026143525,FALSE
267,0.20516775,0.026367142,TRUE
267,0.211562445,0.026591216,TRUE
267,0.218011308,0.026815716,TRUE
267,0.224514436,0.027040606,TRUE
267,0.231071921,0.027265853,TRUE
267,0.237683843,0.027491422,TRUE
267,0.244350277,0.027717275,TRUE
267,0.251071287,0.027943377,TRUE
267,0.257846929,0.028169691,FALSE
267,0.264677248,0.028396178,FALSE
267,0.271562283,0.0286228,TRUE
267,0.278502061,0.028849517,TRUE
267,0.2854966,0.02907629,TRUE
267,0.292545909,0.029303078,TRUE
267,0.299649986,0.02952984,TRUE
267,0.306808821,0.029756533,TRUE
267,0.314022392,0.029983116,TRUE
267,0.321290667,0.030209545,TRUE
267,0.328613602,0.030435777,TRUE
267,0.335991147,0.030661766,TRUE
267,0.343423235,0.030887469,TRUE
267,0.350909794,0.03111284,TRUE
267,0.358450737,0.031337832,TRUE
267,0.366045967,0.031562399,TRUE
267,0.373695376,0.031786495,FALSE
267,0.381398844,0.03201007,TRUE
267,0.38915624,0.032233078,TRUE
267,0.396967421,0.032455469,FALSE
267,0.404832231,0.032677194,TRUE
267,0.412750505,0.032898203,FALSE
267,0.420722064,0.033118447,TRUE
267,0.428746715,0.033337875,TRUE
267,0.436824257,0.033556436,TRUE
267,0.444954474,0.033774079,TRUE
267,0.453137138,0.033990752,FALSE
267,0.461372007,0.034206402,TRUE
267,0.46965883,0.034420978,FALSE
267,0.47799734,0.034634427,TRUE
267,0.486387258,0.034846696,TRUE
267,0.494828294,0.035057732,TRUE
267,0.503320143,0.03526748,FALSE
267,0.511862487,0.035475888,TRUE
267,0.520454997,0.035682901,TRUE
267,0.529097328,0.035888465,TRUE
267,0.537789125,0.036092527,TRUE
267,0.546530018,0.036295031,TRUE
267,0.555319625,0.036495923,TRUE
267,0.564157549,0.036695149,TRUE
267,0.573043382,0.036892654,FALSE
267,0.581976701,0.037088383,TRUE
267,0.590957071,0.037282282,TRUE
267,0.599984044,0.037474297,FALSE
267,0.609057157,0.037664372,TRUE
267,0.618175935,0.037852454,TRUE
267,0.627339892,0.038038488,TRUE
267,0.636548525,0.03822242,TRUE
267,0.645801321,0.038404196,TRUE
267,0.655097752,0.038583762,TRUE
267,0.664437278,0.038761066,TRUE
267,0.673819346,0.038936053,TRUE
267,0.683243391,0.039108671,TRUE
267,0.692708834,0.039278868,FALSE
267,0.702215085,0.039446591,TRUE
267,0.711761538,0.039611789,TRUE
267,0.721347579,0.03977441,FALSE
267,0.730972578,0.039934403,FALSE
267,0.740635895,0.040091719,TRUE
267,0.750336878,0.040246307,FALSE
267,0.760074861,0.040398118,TRUE
267,0.769849169,0.040547103,FALSE
267,0.779659112,0.040693215,FALSE
267,0.789503992,0.040836406,FALSE
267,0.799383096,0.040976629,TRUE
267,0.809295704,0.041113839,FALSE
267,0.819241081,0.041247991,TRUE
267,0.829218483,0.041379039,FALSE
267,0.839227157,0.04150694,TRUE
267,0.849266335,0.041631652,TRUE
267,0.859335244,0.041753133,TRUE
267,0.869433098,0.041871341,TRUE
267,0.879559102,0.041986236,TRUE
267,0.889712451,0.042097781,TRUE
267,0.89989233,0.042205935,FALSE
267,0.910097917,0.042310663,TRUE
267,0.92032838,0.042411928,TRUE
267,0.930582878,0.042509695,TRUE
267,0.940860563,0.04260393,FALSE
267,0.951160576,0.0426946,TRUE
267,0.961482055,0.042781675,FALSE
267,0.971824125,0.042865122,TRUE
267,0.982185909,0.042944914,TRUE
267,0.992566519,0.043021021,TRUE
267,1.002965062,0.043093417,TRUE
267,1.013380639,0.043162076,TRUE
267,1.023812344,0.043226974,FALSE
267,1.034259267,0.043288087,TRUE
267,1.04472049,0.043345395,TRUE
267,1.055195093,0.043398875,TRUE
267,1.065682147,0.04344851,FALSE
267,1.076180723,0.043494282,TRUE
267,1.086689885,0.043536173,TRUE
267,1.097208695,0.043574169,FALSE
267,1.107736209,0.043608256,TRUE
267,1.118271482,0.043638422,TRUE
267,1.128813567,0.043664656,TRUE
267,1.139361511,0.043686948,TRUE
267,1.149914363,0.043705291,TRUE
267,1.160471167,0.043719678,FALSE
267,1.171030967,0.043730102,TRUE
267,1.181592806,0.043736562,FALSE
267,1.192155726,0.043739054,TRUE
267,1.202718769,0.043737577,TRUE
267,1.213280976,0.043732133,TRUE
267,1.22384139,0.043722722,FALSE
267,1.234399051,0.043709349,TRUE
267,1.244953005,0.043692018,TRUE
267,1.255502296,0.043670736,TRUE
267,1.26604597,0.043645509,TRUE
267,1.276583077,0.043616349,TRUE
267,1.287112667,0.043583264,FALSE
267,1.297633793,0.043546266,TRUE
267,1.308145514,0.043505371,TRUE
267,1.318646887,0.043460591,TRUE
267,1.329136979,0.043411943,TRUE
267,1.339614856,0.043359444,TRUE
267,1.35007959,0.043303114,TRUE
267,1.36053026,0.043242972,TRUE
267,1.370965946,0.043179041,TRUE
267,1.381385736,0.043111342,TRUE
267,1.391788724,0.043039899,TRUE
267,1.402174008,0.042964739,TRUE
267,1.412540693,0.042885888,TRUE
267,1.422887892,0.042803373,TRUE
267,1.433214722,0.042717224,TRUE
267,1.443520311,0.042627471,TRUE
267,1.453803791,0.042534145,TRUE
267,1.464064303,0.042437278,FALSE
267,1.474300996,0.042336905,TRUE
267,1.484513028,0.04223306,TRUE
267,1.494699564,0.042125779,FALSE
267,1.504859779,0.042015099,TRUE
267,1.514992857,0.041901057,TRUE
267,1.52509799,0.041783692,TRUE
267,1.53517438,0.041663045,TRUE
267,1.54522124,0.041539156,TRUE
267,1.555237793,0.041412067,TRUE
267,1.565223269,0.04128182,FALSE
267,1.575176912,0.041148458,TRUE
267,1.585097974,0.041012027,TRUE
267,1.594985721,0.04087257,FALSE
267,1.604839426,0.040730134,TRUE
267,1.614658375,0.040584765,TRUE
267,1.624441867,0.04043651,TRUE
267,1.63418921,0.040285418,FALSE
267,1.643899724,0.040131536,TRUE
267,1.653572742,0.039974913,FALSE
267,1.663207607,0.0398156,TRUE
267,1.672803677,0.039653647,TRUE
267,1.682360318,0.039489104,TRUE
267,1.691876914,0.039322022,TRUE
267,1.701352855,0.039152453,FALSE
267,1.710787548,0.038980449,TRUE
267,1.720180412,0.038806063,TRUE
267,1.729530877,0.038629347,TRUE
267,1.738838387,0.038450355,TRUE
267,1.748102398,0.038269139,TRUE
267,1.757322381,0.038085754,TRUE
267,1.766497818,0.037900253,FALSE
267,1.775628203,0.03771269,TRUE
267,1.784713047,0.037523119,TRUE
267,1.79375187,0.037331596,TRUE
267,1.802744207,0.037138174,TRUE
267,1.811689608,0.036942908,FALSE
267,1.820587632,0.036745852,TRUE
267,1.829437854,0.036547061,TRUE
267,1.838239862,0.03634659,TRUE
267,1.846993257,0.036144493,FALSE
267,1.855697652,0.035940825,TRUE
267,1.864352675,0.03573564,TRUE
267,1.872957966,0.035528992,FALSE
267,1.881513179,0.035320936,TRUE
267,1.890017979,0.035111526,TRUE
267,1.898472046,0.034900815,TRUE
267,1.906875072,0.034688856,TRUE
267,1.915226763,0.034475704,TRUE
267,1.923526837,0.034261412,TRUE
267,1.931775025,0.034046031,TRUE
267,1.93997107,0.033829615,TRUE
267,1.948114729,0.033612215,TRUE
267,1.95620577,0.033393884,TRUE
267,1.964243975,0.033174673,TRUE
267,1.972229138,0.032954633,TRUE
267,1.980161063,0.032733815,TRUE
267,1.98803957,0.032512268,TRUE
267,1.995864489,0.032290043,FALSE
267,2.003635661,0.032067188,TRUE
267,2.011352941,0.031843754,TRUE
267,2.019016194,0.031619787,FALSE
267,2.026625298,0.031395336,TRUE
267,2.034180141,0.031170448,TRUE
267,2.041680624,0.030945169,TRUE
267,2.049126658,0.030719547,TRUE
267,2.056518165,0.030493627,TRUE
267,2.063855079,0.030267453,TRUE
267,2.071137345,0.03004107,TRUE
267,2.078364916,0.029814523,FALSE
267,2.085537759,0.029587853,TRUE
267,2.09265585,0.029361105,TRUE
267,2.099719173,0.02913432,TRUE
267,2.106727726,0.028907539,FALSE
267,2.113681515,0.028680804,TRUE
267,2.120580555,0.028454154,TRUE
267,2.127424871,0.028227629,FALSE
267,2.134214499,0.028001267,TRUE
267,2.140949483,0.027775107,TRUE
267,2.147629876,0.027549186,TRUE
267,2.15425574,0.027323542,TRUE
267,2.160827147,0.027098209,TRUE
267,2.167344175,0.026873224,TRUE
267,2.173806914,0.026648621,TRUE
267,2.180215459,0.026424435,TRUE
267,2.186569916,0.026200698,FALSE
267,2.192870396,0.025977443,FALSE
267,2.199117021,0.025754703,TRUE
267,2.205309918,0.025532509,TRUE
267,2.211449222,0.02531089,FALSE
267,2.217535078,0.025089878,TRUE
267,2.223567634,0.024869501,FALSE
267,2.229547047,0.024649789,TRUE
267,2.235473481,0.024430767,TRUE
267,2.241347108,0.024212465,FALSE
267,2.247168102,0.023994908,TRUE
267,2.252936648,0.023778123,TRUE
267,2.258652935,0.023562133,TRUE
267,2.264317159,0.023346964,TRUE
267,2.269929519,0.02313264,TRUE
267,2.275490224,0.022919183,TRUE
267,2.280999485,0.022706616,TRUE
267,2.286457519,0.022494961,TRUE
267,2.291864551,0.022284239,TRUE
267,2.297220807,0.022074471,TRUE
267,2.30252652,0.021865676,FALSE
267,2.307781928,0.021657873,FALSE
267,2.312987273,0.021451081,TRUE
267,2.3181428,0.021245318,FALSE
267,2.323248761,0.021040601,TRUE
267,2.328305411,0.020836948,TRUE
267,2.333313007,0.020634374,TRUE
267,2.338271813,0.020432894,TRUE
267,2.343182095,0.020232524,FALSE
267,2.348044123,0.020033278,FALSE
267,2.352858169,0.01983517,TRUE
267,2.35762451,0.019638213,TRUE
267,2.362343426,0.019442419,TRUE
267,2.367015198,0.019247801,TRUE
267,2.371640114,0.019054371,TRUE
267,2.376218459,0.018862138,TRUE
267,2.380750526,0.018671115,TRUE
267,2.385236608,0.01848131,TRUE
267,2.389676999,0.018292733,TRUE
267,2.394071998,0.018105393,TRUE
267,2.398421904,0.017919299,FALSE
267,2.402727019,0.017734458,TRUE
267,2.406987647,0.017550878,TRUE
267,2.411204093,0.017368566,TRUE
267,2.415376664,0.017187528,FALSE
267,2.419505669,0.017007771,TRUE
267,2.423591417,0.0168293,FALSE
267,2.427634221,0.016652121,TRUE
267,2.431634392,0.016476238,TRUE
267,2.435592244,0.016301655,TRUE
267,2.439508091,0.016128376,TRUE
267,2.44338225,0.015956406,TRUE
267,2.447215035,0.015785747,TRUE
267,2.451006765,0.015616401,TRUE
267,2.454757757,0.015448372,TRUE
267,2.458468329,0.015281661,TRUE
267,2.462138799,0.01511627,TRUE
267,2.465769487,0.014952199,TRUE
267,2.469360711,0.014789451,TRUE
267,2.472912792,0.014628026,TRUE
267,2.476426048,0.014467923,TRUE
267,2.479900799,0.014309143,TRUE
267,2.483337364,0.014151686,TRUE
267,2.486736063,0.01399555,TRUE
267,2.490097214,0.013840735,TRUE
267,2.493421138,0.01368724,TRUE
267,2.496708151,0.013535062,TRUE
267,2.499958573,0.013384201,TRUE
267,2.50317272,0.013234653,TRUE
267,2.50635091,0.013086418,TRUE
267,2.50949346,0.012939491,TRUE
267,2.512600684,0.01279387,TRUE
267,2.515672899,0.012649553,TRUE
267,2.518710419,0.012506535,TRUE
267,2.521713556,0.012364814,TRUE
267,2.524682623,0.012224384,TRUE
267,2.527617933,0.012085243,TRUE
267,2.530519796,0.012085243,TRUE
357,0.031111366,0.02342518,TRUE
357,0.036746915,0.02342518,TRUE
357,0.042425728,0.023604602,FALSE
357,0.048147938,0.023784565,TRUE
357,0.053913673,0.023965052,TRUE
357,0.059723058,0.024146049,TRUE
357,0.065576214,0.02432754,TRUE
357,0.07147326,0.024509509,TRUE
357,0.077414307,0.024691939,FALSE
357,0.083399466,0.024874815,TRUE
357,0.089428843,0.025058119,TRUE
357,0.095502538,0.025241833,TRUE
357,0.101620648,0.025425941,TRUE
357,0.107783267,0.025610423,TRUE
357,0.113990483,0.025795263,TRUE
357,0.120242379,0.02598044,FALSE
357,0.126539035,0.026165936,TRUE
357,0.132880526,0.026351733,TRUE
357,0.139266922,0.026537809,TRUE
357,0.145698288,0.026724145,FALSE
357,0.152174684,0.02691072,TRUE
357,0.158696166,0.027097514,TRUE
357,0.165262783,0.027284506,TRUE
357,0.171874582,0.027471675,TRUE
357,0.178531602,0.027658998,FALSE
357,0.185233878,0.027846454,TRUE
357,0.19198144,0.02803402,TRUE
357,0.19877431,0.028221674,TRUE
357,0.205612508,0.028409392,TRUE
357,0.212496047,0.028597152,TRUE
357,0.219424932,0.028784929,TRUE
357,0.226399167,0.028972699,TRUE
357,0.233418746,0.029160439,TRUE
357,0.240483659,0.029348123,FALSE
357,0.24759389,0.029535728,TRUE
357,0.254749415,0.029723226,TRUE
357,0.261950208,0.029910594,TRUE
357,0.269196232,0.030097805,FALSE
357,0.276487448,0.030284833,TRUE
357,0.283823807,0.030471652,TRUE
357,0.291205255,0.030658234,TRUE
357,0.298631734,0.030844554,TRUE
357,0.306103175,0.031030584,TRUE
357,0.313619506,0.031216296,FALSE
357,0.321180646,0.031401663,TRUE
357,0.328786509,0.031586656,TRUE
357,0.336437001,0.031771248,TRUE
357,0.344132021,0.031955409,TRUE
357,0.351871463,0.032139112,TRUE
357,0.359655212,0.032322327,TRUE
357,0.367483147,0.032505025,TRUE
357,0.375355139,0.032687176,TRUE
357,0.383271053,0.032868752,TRUE
357,0.391230746,0.033049722,TRUE
357,0.399234069,0.033230056,TRUE
357,0.407280863,0.033409724,TRUE
357,0.415370965,0.033588695,TRUE
357,0.423504203,0.03376694,TRUE
357,0.431680397,0.033944427,TRUE
357,0.439899361,0.034121126,FALSE
357,0.448160901,0.034297005,TRUE
357,0.456464815,0.034472034,FALSE
357,0.464810894,0.034646181,TRUE
357,0.47319892,0.034819415,TRUE
357,0.481628671,0.034991705,TRUE
357,0.490099914,0.035163018,TRUE
357,0.498612409,0.035333324,TRUE
357,0.507165909,0.03550259,TRUE
357,0.51576016,0.035670785,TRUE
357,0.524394899,0.035837877,FALSE
357,0.533069855,0.036003834,TRUE
357,0.541784751,0.036168624,FALSE
357,0.5505393,0.036332216,TRUE
357,0.559333211,0.036494577,FALSE
357,0.568166181,0.036655675,FALSE
357,0.577037902,0.036815479,TRUE
357,0.585948057,0.036973957,TRUE
357,0.594896323,0.037131076,TRUE
357,0.603882367,0.037286806,TRUE
357,0.61290585,0.037441113,TRUE
357,0.621966425,0.037593968,TRUE
357,0.631063737,0.037745338,FALSE
357,0.640197423,0.037895191,TRUE
357,0.649367114,0.038043497,TRUE
357,0.658572432,0.038190224,TRUE
357,0.667812992,0.038335341,FALSE
357,0.677088402,0.038478817,FALSE
357,0.686398261,0.038620622,TRUE
357,0.695742163,0.038760725,TRUE
357,0.705119691,0.038899095,TRUE
357,0.714530425,0.039035702,FALSE
357,0.723973935,0.039170517,FALSE
357,0.733449785,0.039303509,TRUE
357,0.74295753,0.039434649,FALSE
357,0.75249672,0.039563908,TRUE
357,0.762066898,0.039691257,TRUE
357,0.771667597,0.039816667,TRUE
357,0.781298348,0.039940111,TRUE
357,0.790958671,0.040061558,TRUE
357,0.800648081,0.040180983,TRUE
357,0.810366086,0.040298358,TRUE
357,0.820112187,0.040413654,FALSE
357,0.829885881,0.040526847,TRUE
357,0.839686654,0.040637909,FALSE
357,0.849513991,0.040746815,FALSE
357,0.859367366,0.040853538,TRUE
357,0.86924625,0.040958054,TRUE
357,0.879150106,0.041060339,TRUE
357,0.889078393,0.041160367,TRUE
357,0.899030563,0.041258115,FALSE
357,0.909006063,0.041353559,TRUE
357,0.919004332,0.041446677,TRUE
357,0.929024808,0.041537446,TRUE
357,0.939066919,0.041625844,TRUE
357,0.94913009,0.04171185,FALSE
357,0.959213742,0.041795442,TRUE
357,0.969317289,0.041876602,TRUE
357,0.979440141,0.041955307,TRUE
357,0.989581702,0.04203154,TRUE
357,0.999741374,0.042105281,TRUE
357,1.009918553,0.042176512,TRUE
357,1.02011263,0.042245216,TRUE
357,1.030322992,0.042311375,TRUE
357,1.040549024,0.042374973,FALSE
357,1.050790104,0.042435994,TRUE
357,1.061045609,0.042494424,TRUE
357,1.071314911,0.042550246,TRUE
357,1.081597378,0.042603448,FALSE
357,1.091892376,0.042654015,FALSE
357,1.102199267,0.042701936,TRUE
357,1.112517411,0.042747198,TRUE
357,1.122846164,0.042789789,TRUE
357,1.133184879,0.042829699,TRUE
357,1.143532909,0.042866918,FALSE
357,1.153889601,0.042901436,FALSE
357,1.164254302,0.042933244,TRUE
357,1.174626358,0.042962335,TRUE
357,1.18500511,0.042988701,TRUE
357,1.1953899,0.043012334,TRUE
357,1.205780068,0.04303323,TRUE
357,1.21617495,0.043051383,TRUE
357,1.226573886,0.043066788,TRUE
357,1.236976209,0.043079442,TRUE
357,1.247381256,0.04308934,TRUE
357,1.25778836,0.043096481,TRUE
357,1.268196856,0.043100862,TRUE
357,1.278606077,0.043102483,TRUE
357,1.289015355,0.043101343,TRUE
357,1.299424025,0.043097442,TRUE
357,1.30983142,0.043090782,TRUE
357,1.320236873,0.043081364,TRUE
357,1.330639719,0.043069191,TRUE
357,1.341039292,0.043054265,TRUE
357,1.351434929,0.04303659,TRUE
357,1.361825966,0.043016172,FALSE
357,1.37221174,0.042993015,TRUE
357,1.382591592,0.042967124,TRUE
357,1.392964861,0.042938508,TRUE
357,1.403330891,0.042907172,FALSE
357,1.413689025,0.042873126,TRUE
357,1.424038611,0.042836377,TRUE
357,1.434378995,0.042796935,TRUE
357,1.44470953,0.04275481,TRUE
357,1.455029569,0.042710013,TRUE
357,1.465338467,0.042662555,TRUE
357,1.475635583,0.042612447,TRUE
357,1.485920279,0.042559703,TRUE
357,1.496191919,0.042504336,FALSE
357,1.506449873,0.04244636,TRUE
357,1.516693511,0.042385789,TRUE
357,1.526922209,0.042322639,TRUE
357,1.537135346,0.042256925,TRUE
357,1.547332304,0.042188663,TRUE
357,1.55751247,0.042117871,TRUE
357,1.567675236,0.042044566,TRUE
357,1.577819996,0.041968766,TRUE
357,1.58794615,0.04189049,TRUE
357,1.598053102,0.041809757,TRUE
357,1.608140262,0.041726587,TRUE
357,1.618207044,0.041641,FALSE
357,1.628252865,0.041553017,TRUE
357,1.638277151,0.041462659,FALSE
357,1.64827933,0.041369949,TRUE
357,1.658258836,0.041274908,TRUE
357,1.66821511,0.04117756,TRUE
357,1.678147598,0.041077928,TRUE
357,1.688055749,0.040976035,TRUE
357,1.697939022,0.040871905,TRUE
357,1.70779688,0.040765565,TRUE
357,1.71762879,0.040657038,FALSE
357,1.727434229,0.040546349,TRUE
357,1.737212677,0.040433526,TRUE
357,1.746963622,0.040318594,TRUE
357,1.756686557,0.040201579,TRUE
357,1.766380984,0.04008251,TRUE
357,1.77604641,0.039961412,TRUE
357,1.785682347,0.039838315,TRUE
357,1.795288316,0.039713245,TRUE
357,1.804863844,0.039586232,TRUE
357,1.814408466,0.039457303,TRUE
357,1.823921722,0.039326489,TRUE
357,1.83340316,0.039193817,TRUE
357,1.842852335,0.039059318,TRUE
357,1.85226881,0.038923021,TRUE
357,1.861652154,0.038784956,TRUE
357,1.871001944,0.038645153,TRUE
357,1.880317763,0.038503642,TRUE
357,1.889599203,0.038360455,TRUE
357,1.898845863,0.038215622,TRUE
357,1.908057348,0.038069173,FALSE
357,1.917233273,0.03792114,TRUE
357,1.926373259,0.037771554,FALSE
357,1.935476934,0.037620446,TRUE
357,1.944543934,0.037467848,FALSE
357,1.953573904,0.037313791,FALSE
357,1.962566495,0.037158307,FALSE
357,1.971521366,0.037001427,TRUE
357,1.980438185,0.036843184,TRUE
357,1.989316624,0.036683609,TRUE
357,1.998156368,0.036522734,FALSE
357,2.006957104,0.03636059,FALSE
357,2.015718533,0.036197211,TRUE
357,2.024440357,0.036032627,TRUE
357,2.033122292,0.035866871,TRUE
357,2.041764056,0.035699975,TRUE
357,2.050365379,0.035531969,FALSE
357,2.058925997,0.035362888,FALSE
357,2.067445654,0.035192761,TRUE
357,2.075924101,0.035021621,TRUE
357,2.084361097,0.034849499,TRUE
357,2.092756409,0.034676427,FALSE
357,2.101109811,0.034502437,TRUE
357,2.109421086,0.034327559,FALSE
357,2.117690022,0.034151826,TRUE
357,2.125916418,0.033975267,FALSE
357,2.134100076,0.033797915,TRUE
357,2.142240811,0.0336198,TRUE
357,2.15033844,0.033440953,FALSE
357,2.158392791,0.033261404,TRUE
357,2.166403698,0.033081184,FALSE
357,2.174371003,0.032900323,TRUE
357,2.182294554,0.032718851,TRUE
357,2.190174208,0.032536797,TRUE
357,2.198009827,0.032354193,TRUE
357,2.205801283,0.032171066,TRUE
357,2.213548452,0.031987446,FALSE
357,2.221251219,0.031803362,FALSE
357,2.228909476,0.031618843,TRUE
357,2.236523121,0.031433918,TRUE
357,2.244092058,0.031248614,FALSE
357,2.251616201,0.03106296,TRUE
357,2.259095468,0.030876984,FALSE
357,2.266529785,0.030690713,TRUE
357,2.273919083,0.030504174,TRUE
357,2.281263301,0.030317394,TRUE
357,2.288562384,0.030130401,TRUE
357,2.295816284,0.02994322,TRUE
357,2.303024959,0.029755878,TRUE
357,2.310188373,0.0295684,TRUE
357,2.317306497,0.029380812,TRUE
357,2.324379306,0.02919314,TRUE
357,2.331406783,0.029005408,TRUE
357,2.338388918,0.028817641,TRUE
357,2.345325704,0.028629864,TRUE
357,2.352217142,0.028442099,TRUE
357,2.359063238,0.028254372,FALSE
357,2.365864004,0.028066706,TRUE
357,2.372619457,0.027879123,TRUE
357,2.37932962,0.027691646,TRUE
357,2.385994522,0.027504298,FALSE
357,2.392614196,0.027317101,TRUE
357,2.399188682,0.027130077,TRUE
357,2.405718023,0.026943246,TRUE
357,2.41220227,0.026756631,FALSE
357,2.418641476,0.026570252,TRUE
357,2.425035702,0.026384129,TRUE
357,2.431385011,0.026198283,TRUE
357,2.437689472,0.026012733,TRUE
357,2.443949161,0.025827499,TRUE
357,2.450164154,0.025642599,TRUE
357,2.456334536,0.025458053,TRUE
357,2.462460394,0.025273879,TRUE
357,2.46854182,0.025090095,TRUE
357,2.47457891,0.024906718,FALSE
357,2.480571765,0.024723767,TRUE
357,2.486520489,0.024541257,TRUE
357,2.492425192,0.024359207,TRUE
357,2.498285986,0.024177631,FALSE
357,2.504102988,0.023996547,TRUE
357,2.509876318,0.02381597,TRUE
357,2.515606101,0.023635915,TRUE
357,2.521292465,0.023456398,FALSE
357,2.526935541,0.023277432,TRUE
357,2.532535465,0.023099033,TRUE
357,2.538092374,0.022921214,TRUE
357,2.543606411,0.022743989,FALSE
357,2.549077721,0.022567372,TRUE
357,2.554506452,0.022391375,TRUE
357,2.559892755,0.022216011,FALSE
357,2.565236785,0.022041293,TRUE
357,2.570538699,0.021867233,FALSE
357,2.575798658,0.021693842,TRUE
357,2.581016825,0.021521133,TRUE
357,2.586193365,0.021349115,TRUE
357,2.591328448,0.0211778,TRUE
357,2.596422243,0.021007199,TRUE
357,2.601474925,0.020837322,TRUE
357,2.60648667,0.020668178,TRUE
357,2.611457655,0.020499778,FALSE
357,2.616388063,0.02033213,TRUE
357,2.621278074,0.020165244,TRUE
357,2.626127876,0.019999129,TRUE
357,2.630937654,0.019833792,TRUE
357,2.635707597,0.019669243,TRUE
357,2.640437898,0.019505488,TRUE
357,2.645128748,0.019342536,TRUE
357,2.649780343,0.019180394,TRUE
357,2.654392878,0.019019069,FALSE
357,2.658966553,0.018858568,TRUE
357,2.663501566,0.018698897,TRUE
357,2.66799812,0.018540063,TRUE
357,2.672456417,0.018382071,TRUE
357,2.676876661,0.018224928,TRUE
357,2.681259057,0.018068639,TRUE
357,2.685603813,0.017913209,TRUE
357,2.689911137,0.017758644,TRUE
357,2.694181238,0.017604947,TRUE
357,2.698414327,0.017604947,FALSE
570,0.037691941,0.029615601,TRUE
570,0.044817529,0.029615601,FALSE
570,0.051996276,0.029835948,TRUE
570,0.059228292,0.030056737,TRUE
570,0.06651368,0.030277942,TRUE
570,0.073852538,0.030499542,TRUE
570,0.081244959,0.030721512,FALSE
570,0.088691029,0.030943826,TRUE
570,0.096190827,0.031166461,TRUE
570,0.103744429,0.03138939,TRUE
570,0.111351902,0.031612587,TRUE
570,0.119013308,0.031836026,TRUE
570,0.126728703,0.032059681,FALSE
570,0.134498134,0.032283524,FALSE
570,0.142321645,0.032507527,TRUE
570,0.15019927,0.032731663,TRUE
570,0.158131038,0.032955902,FALSE
570,0.166116971,0.033180216,TRUE
570,0.174157082,0.033404576,TRUE
570,0.182251381,0.033628952,TRUE
570,0.190399866,0.033853313,FALSE
570,0.198602531,0.03407763,TRUE
570,0.206859361,0.034301871,TRUE
570,0.215170335,0.034526004,TRUE
570,0.223535422,0.034749999,TRUE
570,0.231954584,0.034973823,TRUE
570,0.240427778,0.035197444,TRUE
570,0.24895495,0.035420828,TRUE
570,0.257536038,0.035643943,FALSE
570,0.266170974,0.035866754,TRUE
570,0.27485968,0.036089229,TRUE
570,0.283602071,0.036311332,TRUE
570,0.292398054,0.03653303,FALSE
570,0.301247525,0.036754286,TRUE
570,0.310150374,0.036975067,TRUE
570,0.319106482,0.037195335,TRUE
570,0.328115721,0.037415057,TRUE
570,0.337177954,0.037634194,TRUE
570,0.346293036,0.037852711,TRUE
570,0.355460814,0.038070571,TRUE
570,0.364681122,0.038287737,TRUE
570,0.373953791,0.038504172,TRUE
570,0.383278637,0.038719837,TRUE
570,0.392655472,0.038934696,TRUE
570,0.402084096,0.039148711,TRUE
570,0.411564299,0.039361842,TRUE
570,0.421095865,0.039574052,FALSE
570,0.430678567,0.039785302,TRUE
570,0.440312167,0.039995554,FALSE
570,0.449996419,0.040204767,TRUE
570,0.459731069,0.040412904,TRUE
570,0.469515852,0.040619924,FALSE
570,0.479350492,0.040825789,TRUE
570,0.489234708,0.041030458,TRUE
570,0.499168204,0.041233893,TRUE
570,0.509150678,0.041436052,FALSE
570,0.519181817,0.041636898,TRUE
570,0.529261299,0.041836389,FALSE
570,0.539388793,0.042034486,TRUE
570,0.549563956,0.042231148,TRUE
570,0.559786438,0.042426336,FALSE
570,0.570055877,0.04262001,FALSE
570,0.580371903,0.04281213,FALSE
570,0.590734135,0.043002655,TRUE
570,0.601142185,0.043191546,TRUE
570,0.611595652,0.043378763,TRUE
570,0.622094128,0.043564266,TRUE
570,0.632637193,0.043748016,TRUE
570,0.643224419,0.043929972,TRUE
570,0.653855369,0.044110096,TRUE
570,0.664529596,0.044288347,TRUE
570,0.675246641,0.044464687,TRUE
570,0.686006039,0.044639076,TRUE
570,0.696807315,0.044811477,TRUE
570,0.707649983,0.044981849,TRUE
570,0.718533548,0.045150155,TRUE
570,0.729457507,0.045316357,TRUE
570,0.740421348,0.045480416,FALSE
570,0.751424548,0.045642295,TRUE
570,0.762466577,0.045801956,TRUE
570,0.773546893,0.045959363,FALSE
570,0.784664949,0.046114479,FALSE
570,0.795820186,0.046267267,TRUE
570,0.807012039,0.046417691,TRUE
570,0.818239931,0.046565715,TRUE
570,0.829503279,0.046711305,TRUE
570,0.840801492,0.046854426,FALSE
570,0.852133967,0.046995042,TRUE
570,0.863500097,0.04713312,TRUE
570,0.874899264,0.047268626,TRUE
570,0.886330843,0.047401528,TRUE
570,0.897794202,0.047531793,TRUE
570,0.909288699,0.047659388,TRUE
570,0.920813686,0.047784282,TRUE
570,0.932368508,0.047906445,FALSE
570,0.943952499,0.048025845,TRUE
570,0.955564991,0.048142453,TRUE
570,0.967205304,0.04825624,TRUE
570,0.978872754,0.048367176,TRUE
570,0.99056665,0.048475234,TRUE
570,1.002286292,0.048580386,TRUE
570,1.014030977,0.048682607,TRUE
570,1.025799991,0.048781868,TRUE
570,1.037592619,0.048878146,TRUE
570,1.049408136,0.048971414,TRUE
570,1.061245812,0.04906165,TRUE
570,1.073104913,0.04914883,TRUE
570,1.084984697,0.049232931,TRUE
570,1.096884419,0.049313932,TRUE
570,1.108803326,0.049391811,TRUE
570,1.120740663,0.049466547,TRUE
570,1.132695669,0.049538123,TRUE
570,1.144667576,0.049606517,FALSE
570,1.156655616,0.049671713,TRUE
570,1.168659014,0.049733694,TRUE
570,1.180676991,0.049792443,TRUE
570,1.192708764,0.049847944,TRUE
570,1.204753548,0.049900183,TRUE
570,1.216810552,0.049949146,TRUE
570,1.228878985,0.04999482,TRUE
570,1.24095805,0.050037192,TRUE
570,1.253046949,0.050076252,TRUE
570,1.26514488,0.050111989,TRUE
570,1.277251039,0.050144393,FALSE
570,1.289364622,0.050173456,TRUE
570,1.301484819,0.05019917,TRUE
570,1.313610821,0.050221529,FALSE
570,1.325741817,0.050240525,TRUE
570,1.337876994,0.050256154,TRUE
570,1.35001554,0.050268413,TRUE
570,1.362156638,0.050277296,TRUE
570,1.374299474,0.050282803,FALSE
570,1.386443232,0.050284932,TRUE
570,1.398587096,0.050283681,TRUE
570,1.41073025,0.050279052,TRUE
570,1.422871878,0.050271046,TRUE
570,1.435011165,0.050259665,TRUE
570,1.447147296,0.050244911,FALSE
570,1.459279457,0.050226789,TRUE
570,1.471406835,0.050205304,TRUE
570,1.483528619,0.050180461,TRUE
570,1.495643998,0.050152268,TRUE
570,1.507752164,0.050120731,TRUE
570,1.519852311,0.05008586,FALSE
570,1.531943634,0.050047662,FALSE
570,1.544025332,0.05000615,TRUE
570,1.556096605,0.049961333,TRUE
570,1.568156656,0.049913224,TRUE
570,1.580204692,0.049861835,TRUE
570,1.592239922,0.04980718,TRUE
570,1.60426156,0.049749274,TRUE
570,1.616268821,0.049688132,TRUE
570,1.628260927,0.049623769,FALSE
570,1.640237102,0.049556204,FALSE
570,1.652196574,0.049485454,FALSE
570,1.664138576,0.049411537,TRUE
570,1.676062346,0.049334473,TRUE
570,1.687967126,0.049254282,TRUE
570,1.699852164,0.049170984,FALSE
570,1.711716712,0.049084602,FALSE
570,1.723560027,0.048995158,TRUE
570,1.735381373,0.048902676,FALSE
570,1.747180019,0.048807178,TRUE
570,1.75895524,0.048708689,FALSE
570,1.770706316,0.048607236,FALSE
570,1.782432535,0.048502843,TRUE
570,1.794133189,0.048395537,TRUE
570,1.805807579,0.048285346,TRUE
570,1.817455012,0.048172298,TRUE
570,1.829074799,0.04805642,TRUE
570,1.840666262,0.047937743,TRUE
570,1.852228729,0.047816295,TRUE
570,1.863761533,0.047692108,TRUE
570,1.875264017,0.047565212,TRUE
570,1.88673553,0.047435638,FALSE
570,1.89817543,0.047303418,TRUE
570,1.909583081,0.047168585,TRUE
570,1.920957857,0.047031172,TRUE
570,1.932299137,0.046891213,FALSE
570,1.943606312,0.04674874,FALSE
570,1.954878779,0.046603788,TRUE
570,1.966115942,0.046456393,FALSE
570,1.977317217,0.046306589,TRUE
570,1.988482025,0.046154412,TRUE
570,1.999609798,0.045999898,TRUE
570,2.010699976,0.045843083,TRUE
570,2.021752007,0.045684004,TRUE
570,2.03276535,0.045522698,TRUE
570,2.04373947,0.045359202,TRUE
570,2.054673844,0.045193553,TRUE
570,2.065567956,0.04502579,TRUE
570,2.076421301,0.044855951,TRUE
570,2.087233381,0.044684074,TRUE
570,2.098003709,0.044510198,TRUE
570,2.108731807,0.044334361,TRUE
570,2.119417205,0.044156603,TRUE
570,2.130059446,0.043976962,TRUE
570,2.140658078,0.043795479,FALSE
570,2.151212662,0.043612191,TRUE
570,2.161722767,0.04342714,TRUE
570,2.172187971,0.043240365,TRUE
570,2.182607863,0.043051905,FALSE
570,2.192982041,0.042861801,TRUE
570,2.203310113,0.042670092,TRUE
570,2.213591695,0.042476818,TRUE
570,2.223826416,0.042282019,TRUE
570,2.234013911,0.042085736,FALSE
570,2.244153826,0.041888008,TRUE
570,2.254245818,0.041688876,TRUE
570,2.264289553,0.041488378,TRUE
570,2.274284705,0.041286556,TRUE
570,2.28423096,0.041083449,TRUE
570,2.294128011,0.040879097,TRUE
570,2.303975564,0.040673539,TRUE
570,2.313773331,0.040466815,TRUE
570,2.323521035,0.040258965,TRUE
570,2.333218411,0.040050028,TRUE
570,2.342865199,0.039840042,TRUE
570,2.352461151,0.039629048,FALSE
570,2.362006029,0.039417084,TRUE
570,2.371499603,0.039204188,TRUE
570,2.380941652,0.0389904,TRUE
570,2.390331966,0.038775756,FALSE
570,2.399670342,0.038560297,TRUE
570,2.408956589,0.038344058,TRUE
570,2.418190522,0.038127079,TRUE
570,2.427371968,0.037909395,FALSE
570,2.43650076,0.037691046,FALSE
570,2.445576743,0.037472066,TRUE
570,2.454599768,0.037252493,TRUE
570,2.463569697,0.037032363,TRUE
570,2.4724864,0.036811712,FALSE
570,2.481349754,0.036590576,TRUE
570,2.490159648,0.03636899,TRUE
570,2.498915976,0.036146988,TRUE
570,2.507618643,0.035924607,TRUE
570,2.516267561,0.03570188,TRUE
570,2.524862651,0.035478841,TRUE
570,2.533403841,0.035255523,TRUE
570,2.541891069,0.035031961,FALSE
570,2.550324278,0.034808187,FALSE
570,2.558703423,0.034584233,FALSE
570,2.567028463,0.034360132,TRUE
570,2.575299367,0.034135916,FALSE
570,2.583516111,0.033911617,FALSE
570,2.591678678,0.033687264,TRUE
570,2.599787059,0.033462889,FALSE
570,2.607841253,0.033238522,FALSE
570,2.615841265,0.033014193,FALSE
570,2.623787108,0.032789931,TRUE
570,2.631678802,0.032565766,TRUE
570,2.639516374,0.032341726,TRUE
570,2.647299856,0.032117839,TRUE
570,2.65502929,0.031894132,TRUE
570,2.662704722,0.031670634,FALSE
570,2.670326206,0.031447372,TRUE
570,2.677893802,0.031224371,TRUE
570,2.685407577,0.031001657,TRUE
570,2.692867603,0.030779257,TRUE
570,2.700273958,0.030557195,TRUE
570,2.707626728,0.030335497,TRUE
570,2.714926003,0.030114187,FALSE
570,2.72217188,0.029893288,TRUE
570,2.729364461,0.029672824,TRUE
570,2.736503854,0.029452818,FALSE
570,2.743590172,0.029233292,FALSE
570,2.750623534,0.029014269,TRUE
570,2.757604064,0.028795771,TRUE
570,2.764531892,0.028577818,TRUE
570,2.77140715,0.028360432,TRUE
570,2.77822998,0.028143633,FALSE
570,2.785000525,0.027927441,TRUE
570,2.791718934,0.027711875,TRUE
570,2.798385361,0.027496955,TRUE
570,2.804999964,0.027282699,TRUE
570,2.811562905,0.027069126,TRUE
570,2.818074351,0.026856253,FALSE
570,2.824534475,0.026644098,FALSE
570,2.83094345,0.026432677,FALSE
570,2.837301458,0.026222008,FALSE
570,2.84360868,0.026012107,FALSE
570,2.849865305,0.025802988,TRUE
570,2.856071524,0.025594668,TRUE
570,2.86222753,0.025387162,TRUE
570,2.868333523,0.025180484,FALSE
570,2.874389704,0.024974648,TRUE
570,2.880396278,0.024769668,TRUE
570,2.886353453,0.024565557,TRUE
570,2.892261442,0.024362328,TRUE
570,2.898120458,0.024159994,FALSE
570,2.903930719,0.023958566,TRUE
570,2.909692445,0.023758058,TRUE
570,2.915405861,0.023558479,TRUE
570,2.921071191,0.023359842,TRUE
570,2.926688664,0.023162156,FALSE
570,2.932258512,0.022965433,TRUE
570,2.937780968,0.022769681,TRUE
570,2.943256268,0.022574911,TRUE
570,2.94868465,0.022381132,TRUE
570,2.954066355,0.022188352,TRUE
570,2.959401625,0.021996581,TRUE
570,2.964690704,0.021805827,TRUE
570,2.969933839,0.021616096,TRUE
570,2.975131278,0.021427397,TRUE
570,2.980283272,0.021239738,TRUE
570,2.985390071,0.021053124,TRUE
570,2.990451931,0.020867563,FALSE
570,2.995469104,0.020683061,TRUE
570,3.000441849,0.020499623,TRUE
570,3.005370422,0.020317256,TRUE
570,3.010255083,0.020135964,TRUE
570,3.015096093,0.019955753,TRUE
570,3.019893712,0.019776627,FALSE
570,3.024648204,0.019598591,FALSE
570,3.029359831,0.019421649,TRUE
570,3.03402886,0.019245805,TRUE
570,3.038655555,0.019071063,TRUE
570,3.043240184,0.018897426,TRUE
570,3.047783012,0.018724896,FALSE
570,3.052284309,0.018553478,FALSE
570,3.056744342,0.018383173,TRUE
570,3.061163381,0.018213984,FALSE
570,3.065541696,0.018045913,TRUE
570,3.069879557,0.017878961,FALSE
570,3.074177234,0.017713131,FALSE
570,3.078434999,0.017548423,TRUE
570,3.082653123,0.017384839,FALSE
570,3.086831877,0.017384839,TRUE
714,0.038343441,0.031557407,TRUE
714,0.045929317,0.031557407,TRUE
714,0.053585669,0.031849922,TRUE
714,0.061312829,0.032143805,TRUE
714,0.069111127,0.032439034,TRUE
714,0.076980883,0.032735582,TRUE
714,0.084922413,0.033033424,FALSE
714,0.092936027,0.033332533,FALSE
714,0.101022026,0.03363288,TRUE
714,0.109180708,0.033934437,TRUE
714,0.117412359,0.034237175,TRUE
714,0.125717263,0.034541064,TRUE
714,0.134095694,0.034846073,TRUE
714,0.142547917,0.035152169,TRUE
714,0.151074191,0.03545932,TRUE
714,0.159674768,0.035767492,TRUE
714,0.16834989,0.036076652,TRUE
714,0.177099791,0.036386762,FALSE
714,0.185924696,0.036697789,TRUE
714,0.194824823,0.037009693,TRUE
714,0.203800378,0.037322438,TRUE
714,0.21285156,0.037635984,TRUE
714,0.221978558,0.037950292,TRUE
714,0.231181551,0.038265321,TRUE
714,0.240460708,0.038581031,TRUE
714,0.249816189,0.038897377,FALSE
714,0.259248142,0.039214319,TRUE
714,0.268756705,0.039531811,TRUE
714,0.278342006,0.039849808,TRUE
714,0.288004162,0.040168265,TRUE
714,0.297743278,0.040487135,TRUE
714,0.307559448,0.040806371,TRUE
714,0.317452756,0.041125925,TRUE
714,0.32742327,0.041445746,TRUE
714,0.337471051,0.041765786,TRUE
714,0.347596145,0.042085992,TRUE
714,0.357798585,0.042406315,TRUE
714,0.368078395,0.0427267,TRUE
714,0.378435581,0.043047095,FALSE
714,0.388870141,0.043367445,TRUE
714,0.399382057,0.043687696,TRUE
714,0.409971299,0.044007792,TRUE
714,0.420637821,0.044327675,TRUE
714,0.431381566,0.04464729,TRUE
714,0.442202462,0.044966578,TRUE
714,0.453100423,0.04528548,TRUE
714,0.464075349,0.045603936,TRUE
714,0.475127124,0.045921886,TRUE
714,0.48625562,0.04623927,TRUE
714,0.497460692,0.046556026,TRUE
714,0.50874218,0.046872091,TRUE
714,0.520099912,0.047187403,TRUE
714,0.531533696,0.047501898,TRUE
714,0.543043328,0.047815511,TRUE
714,0.554628588,0.048128179,TRUE
714,0.566289239,0.048439835,TRUE
714,0.578025028,0.048750414,TRUE
714,0.589835689,0.049059849,TRUE
714,0.601720936,0.049368074,TRUE
714,0.613680468,0.04967502,TRUE
714,0.62571397,0.04998062,TRUE
714,0.637821108,0.050284806,FALSE
714,0.650001532,0.050587509,TRUE
714,0.662254875,0.05088866,TRUE
714,0.674580754,0.051188189,TRUE
714,0.68697877,0.051486026,TRUE
714,0.699448505,0.051782102,TRUE
714,0.711989525,0.052076346,TRUE
714,0.72460138,0.052368686,TRUE
714,0.737283601,0.052659053,FALSE
714,0.750035703,0.052947376,TRUE
714,0.762857183,0.053233582,TRUE
714,0.775747523,0.053517601,FALSE
714,0.788706185,0.053799362,TRUE
714,0.801732615,0.054078792,TRUE
714,0.814826241,0.05435582,TRUE
714,0.827986476,0.054630376,TRUE
714,0.841212713,0.054902386,TRUE
714,0.854504328,0.05517178,TRUE
714,0.867860683,0.055438487,TRUE
714,0.881281118,0.055702436,TRUE
714,0.894764959,0.055963555,TRUE
714,0.908311515,0.056221773,FALSE
714,0.921920075,0.056477021,TRUE
714,0.935589916,0.056729229,TRUE
714,0.949320293,0.056978325,TRUE
714,0.963110447,0.057224242,FALSE
714,0.976959602,0.057466909,TRUE
714,0.990866964,0.057706259,TRUE
714,1.004831725,0.057942222,TRUE
714,1.018853058,0.058174732,TRUE
714,1.03293012,0.058403722,TRUE
714,1.047062055,0.058629124,TRUE
714,1.061247988,0.058850874,TRUE
714,1.075487027,0.059068906,TRUE
714,1.089778269,0.059283155,TRUE
714,1.104120791,0.059493559,FALSE
714,1.118513658,0.059700053,TRUE
714,1.132955917,0.059902577,FALSE
714,1.147446603,0.060101069,TRUE
714,1.161984733,0.060295468,TRUE
714,1.176569314,0.060485715,TRUE
714,1.191199334,0.060671753,TRUE
714,1.20587377,0.060853523,TRUE
714,1.220591585,0.061030969,FALSE
714,1.235351728,0.061204037,TRUE
714,1.250153135,0.061372672,TRUE
714,1.264994729,0.061536821,TRUE
714,1.27987542,0.061696432,TRUE
714,1.294794106,0.061851456,TRUE
714,1.309749673,0.062001842,TRUE
714,1.324740995,0.062147543,TRUE
714,1.339766936,0.062288513,TRUE
714,1.354826347,0.062424705,TRUE
714,1.369918069,0.062556076,TRUE
714,1.385040932,0.062682584,FALSE
714,1.400193757,0.062804188,TRUE
714,1.415375355,0.062920848,TRUE
714,1.430584526,0.063032526,TRUE
714,1.445820064,0.063139185,TRUE
714,1.461080753,0.063240791,TRUE
714,1.476365366,0.06333731,TRUE
714,1.491672673,0.06342871,TRUE
714,1.507001433,0.063514962,TRUE
714,1.5223504,0.063596036,TRUE
714,1.537718319,0.063671906,FALSE
714,1.55310393,0.063742546,TRUE
714,1.568505969,0.063807934,TRUE
714,1.583923163,0.063868047,TRUE
714,1.599354235,0.063922865,TRUE
714,1.614797906,0.063972369,TRUE
714,1.63025289,0.064016545,FALSE
714,1.645717897,0.064055375,TRUE
714,1.661191636,0.064088848,TRUE
714,1.676672811,0.064116952,TRUE
714,1.692160124,0.064139679,FALSE
714,1.707652276,0.064157019,FALSE
714,1.723147964,0.064168967,FALSE
714,1.738645887,0.06417552,TRUE
714,1.75414474,0.064176675,TRUE
714,1.769643221,0.064172432,TRUE
714,1.785140025,0.064162792,TRUE
714,1.800633849,0.064147758,TRUE
714,1.816123392,0.064127336,TRUE
714,1.831607353,0.064101532,TRUE
714,1.847084432,0.064070355,TRUE
714,1.862553334,0.064033815,FALSE
714,1.878012765,0.063991925,TRUE
714,1.893461434,0.063944699,TRUE
714,1.908898055,0.063892153,FALSE
714,1.924321344,0.063834303,TRUE
714,1.939730023,0.06377117,TRUE
714,1.955122819,0.063702775,FALSE
714,1.970498463,0.06362914,TRUE
714,1.985855693,0.063550289,TRUE
714,2.001193253,0.06346625,FALSE
714,2.016509892,0.063377049,FALSE
714,2.031804368,0.063282716,TRUE
714,2.047075444,0.063183283,TRUE
714,2.062321893,0.063078782,TRUE
714,2.077542496,0.062969247,TRUE
714,2.09273604,0.062854715,TRUE
714,2.107901323,0.062735222,TRUE
714,2.123037152,0.062610807,TRUE
714,2.138142343,0.062481512,TRUE
714,2.153215722,0.062347377,TRUE
714,2.168256126,0.062208446,TRUE
714,2.183262402,0.062064764,TRUE
714,2.198233407,0.061916377,TRUE
714,2.213168012,0.061763332,FALSE
714,2.228065097,0.061605678,TRUE
714,2.242923554,0.061443464,TRUE
714,2.25774229,0.061276742,TRUE
714,2.272520221,0.061105565,TRUE
714,2.287256278,0.060929985,TRUE
714,2.301949404,0.060750059,TRUE
714,2.316598556,0.06056584,TRUE
714,2.331202705,0.060377387,FALSE
714,2.345760834,0.060184757,TRUE
714,2.360271942,0.05998801,FALSE
714,2.374735043,0.059787204,TRUE
714,2.389149162,0.059582401,FALSE
714,2.403513342,0.059373662,TRUE
714,2.417826641,0.059161051,TRUE
714,2.43208813,0.05894463,TRUE
714,2.446296897,0.058724463,TRUE
714,2.460452046,0.058500616,TRUE
714,2.474552694,0.058273153,TRUE
714,2.488597978,0.058042141,TRUE
714,2.502587049,0.057807647,TRUE
714,2.516519072,0.057569738,TRUE
714,2.530393232,0.057328482,TRUE
714,2.544208729,0.057083947,TRUE
714,2.557964779,0.056836203,FALSE
714,2.571660615,0.056585318,TRUE
714,2.585295487,0.056331363,TRUE
714,2.598868663,0.056074407,TRUE
714,2.612379426,0.05581452,TRUE
714,2.625827076,0.055551774,TRUE
714,2.639210933,0.055286239,FALSE
714,2.65253033,0.055017985,TRUE
714,2.66578462,0.054747086,FALSE
714,2.678973172,0.054473611,TRUE
714,2.692095374,0.054197632,TRUE
714,2.705150628,0.053919221,TRUE
714,2.718138357,0.053638449,TRUE
714,2.731057999,0.053355387,FALSE
714,2.743909009,0.053070108,TRUE
714,2.756690861,0.052782682,FALSE
714,2.769403045,0.052493181,TRUE
714,2.782045068,0.052201677,TRUE
714,2.794616455,0.051908239,TRUE
714,2.807116747,0.051612938,TRUE
714,2.819545504,0.051315846,TRUE
714,2.831902301,0.051017032,TRUE
714,2.84418673,0.050716567,TRUE
714,2.856398403,0.05041452,TRUE
714,2.868536943,0.05011096,FALSE
714,2.880601996,0.049805957,TRUE
714,2.89259322,0.049499578,TRUE
714,2.904510292,0.049191892,FALSE
714,2.916352904,0.048882967,TRUE
714,2.928120765,0.048572869,FALSE
714,2.9398136,0.048261666,TRUE
714,2.95143115,0.047949423,FALSE
714,2.962973171,0.047636206,FALSE
714,2.974439437,0.047322081,TRUE
714,2.985829736,0.047007111,TRUE
714,2.997143872,0.04669136,TRUE
714,3.008381663,0.046374892,FALSE
714,3.019542945,0.046057769,FALSE
714,3.030627566,0.045740054,TRUE
714,3.041635391,0.045421807,TRUE
714,3.052566298,0.045103088,FALSE
714,3.063420182,0.044783958,TRUE
714,3.07419695,0.044464476,TRUE
714,3.084896524,0.044144701,TRUE
714,3.095518841,0.043824689,TRUE
714,3.106063849,0.043504497,TRUE
714,3.116531513,0.043184183,TRUE
714,3.126921809,0.0428638,FALSE
714,3.137234729,0.042543404,TRUE
714,3.147470274,0.042223049,TRUE
714,3.157628461,0.041902786,TRUE
714,3.16770932,0.041582669,TRUE
714,3.17771289,0.041262748,TRUE
714,3.187639227,0.040943074,TRUE
714,3.197488395,0.040623696,TRUE
714,3.207260472,0.040304663,TRUE
714,3.216955547,0.039986024,TRUE
714,3.226573722,0.039667824,TRUE
714,3.236115106,0.03935011,TRUE
714,3.245579825,0.039032928,TRUE
714,3.254968011,0.038716321,FALSE
714,3.264279808,0.038400334,TRUE
714,3.273515372,0.038085008,TRUE
714,3.282674867,0.037770387,FALSE
714,3.291758469,0.03745651,TRUE
714,3.300766361,0.037143417,TRUE
714,3.309698739,0.036831149,TRUE
714,3.318555806,0.036519742,TRUE
714,3.327337775,0.036209235,TRUE
714,3.336044867,0.035899664,FALSE
714,3.344677313,0.035591065,TRUE
714,3.353235351,0.035283473,TRUE
714,3.36171923,0.034976922,TRUE
714,3.370129204,0.034671444,TRUE
714,3.378465537,0.034367072,TRUE
714,3.3867285,0.034063837,FALSE
714,3.394918371,0.033761771,TRUE
714,3.403035436,0.033460903,TRUE
714,3.411079987,0.033161261,FALSE
714,3.419052324,0.032862874,TRUE
714,3.426952755,0.032565769,TRUE
714,3.434781591,0.032269972,FALSE
714,3.442539151,0.03197551,TRUE
714,3.450225762,0.031682406,TRUE
714,3.457841753,0.031390686,TRUE
714,3.465387463,0.031100372,TRUE
714,3.472863233,0.030811487,FALSE
714,3.480269411,0.030524052,TRUE
714,3.487606351,0.03023809,TRUE
714,3.494874409,0.029953618,TRUE
714,3.502073948,0.029670658,TRUE
714,3.509205337,0.029389228,TRUE
714,3.516268945,0.029109346,TRUE
714,3.523265151,0.02883103,TRUE
714,3.530194333,0.028554295,TRUE
714,3.537056875,0.028279157,FALSE
714,3.543853166,0.028005633,TRUE
714,3.550583596,0.027733737,TRUE
714,3.557248561,0.027463481,TRUE
714,3.563848457,0.02719488,FALSE
714,3.570383688,0.026927947,TRUE
714,3.576854656,0.026662692,TRUE
714,3.583261768,0.026399127,TRUE
714,3.589605434,0.026137264,TRUE
714,3.595886066,0.025877111,FALSE
714,3.602104079,0.025618679,TRUE
714,3.608259888,0.025361976,TRUE
714,3.614353913,0.02510701,TRUE
714,3.620386574,0.02485379,TRUE
714,3.626358293,0.024602322,TRUE
714,3.632269495,0.024352613,TRUE
714,3.638120605,0.024104669,TRUE
714,3.64391205,0.023858495,TRUE
714,3.649644259,0.023614097,TRUE
714,3.655317659,0.02337148,TRUE
714,3.660932683,0.023130646,TRUE
714,3.666489761,0.0228916,TRUE
714,3.671989326,0.022654344,TRUE
714,3.67743181,0.022418882,TRUE
714,3.682817646,0.022185215,TRUE
714,3.688147268,0.021953345,TRUE
714,3.693421112,0.021723274,TRUE
714,3.69863961,0.021495001,TRUE
714,3.703803197,0.021268528,FALSE
714,3.708912309,0.021043855,TRUE
714,3.713967379,0.02082098,TRUE
714,3.718968842,0.020599904,TRUE
714,3.723917132,0.020380624,TRUE
714,3.728812684,0.020163141,TRUE
714,3.733655929,0.01994745,TRUE
714,3.738447302,0.019733551,TRUE
714,3.743187235,0.019521441,TRUE
714,3.747876158,0.019311116,TRUE
714,3.752514504,0.019102574,TRUE
714,3.757102702,0.019102574,FALSE
